<?xml version="1.0" encoding="UTF-8"?>
<!--
Mapping for vitotronic/optolink addresses to openhab things.

channel id starts with '*' :
     -    will not send to openhab but it is posible to ask for this ID on the interface.
     -    is not implemented in openhab
     
Telegram types:
	BOOLEAN = 1 Byte -> boolean
	BYTE    = 1 Byte -> short
	UBYTE   = 1 Byte -> short
	SHORT   = 2 Byte -> int
	USHORT  = 2 Byte -> int
	INT     = 4 byte -> long
    UINT    = 4 Byte -> long
    DATE    = 8 Byte -> date (read only)
    
For more information about addresses and types see: http://openv.wikispaces.com/

-->



<optolink device="2033" id="300P" protocol="300">

     <adapterID>VITOLIGNO</adapterID>        <!-- Unique ID on the Network-->
     <tty>/dev/ttyAMA0</tty>                 <!-- serial port of the optolink adapter-->
     <ttytimeout>2000</ttytimeout>           <!-- milliseconds for reading timeout tty -->
     <port>31113</port>                      <!-- port for incoming communication. See also: http://www.iana.org -->

     <!-- Addressen die von diesem 'device' unterst�tzt werden -->
     
     <thing type="heating" id="300P">
          <description>Viessmann Vitoligno 300P</description>
          <channel  id="*systemid">
               <description>System ID</description>
               <telegram address="00F8" type="short"/>
          </channel>
          <channel id="systemtime">
               <description>System Date and Time</description>
               <telegram address="088E" type="date" />
          </channel>
          <channel id="outsite_temp">
               <description>Outsite Temperature</description>
               <telegram address="0800" type="short" divider="10"/>
          </channel>
          <channel id="boiler_temp">
               <description>The furnace temperature of the burner boiler</description>
               <telegram address="A202" type="short" divider="100"/>
          </channel>
     </thing>
     <!--# Puffer-StorageTank -->
     <thing type="storagetank" id="storagetank">
          <description>Hot Water Storage Tank an Buffer</description>
          <channel id="hotwater_temp">
               <description>Hot water temperatur on top of the buffer.</description>
               <telegram  address="0806" type="short" divider="10"/>
          </channel>
          <channel id="middle_temp">
               <description>Temperature in the middle of the buffer</description>
               <telegram  address="0810" type="short" divider="10"/>
          </channel>
          <channel id="bottom_temp">
               <description>Temperature on the bottom of the buffer</description>
               <telegram  address="0804" type="short" divider="10"/>
          </channel>
          <channel id="circuitpump">
               <description>Cirulation Pump for Hot Water</description>
               <telegram  address="0846" type="boolean" />
          </channel>
    </thing>
    <!--# Kessel -->

    <!--# Burner -->
    <thing type="pelletburner" id="pelletburner">
          <description>Burner/Fireplace</description>
           <channel id="flame_temp">
               <description>The furnace Power in %</description>
               <telegram address="0B14" type="ushort" divider="10"/>
          </channel>
           <channel id="lambdasensor">
               <description>O2 in %</description>
               <telegram address="0B18" type="ushort" divider="10"/>
          </channel>
           <channel id="airshutter_prim">
               <description>Primary air shutter %</description>
               <telegram address="0B1A" type="ubyte" divider="1"/>
          </channel>
           <channel id="airshutter_sec">
               <description>Secondary air shutter %</description>
               <telegram address="0B1A" type="ubyte" divider="1"/>
          </channel>
           <channel id="fanspeed">
               <description>actual Fanspeed </description>
               <telegram address="0B1E" type="ushort" divider="1"/>
          </channel>
          <channel id="fanspeed_target">
               <description>target Fanspeed </description>
               <telegram address="0B1C" type="ushort" divider="1"/>
          </channel>          
             
          <channel id="power">
               <description>The furnace Power in %</description>
               <telegram address="0B20" type="ubyte" divider="1"/>
          </channel>
          <channel id="*stat">
              <!-- Brennerstatus ist noch nicht klar Addresse noch gesucht -->
               <description>State of Burner </description>
               <telegram  address="0962" type="short" />
          </channel>
          <channel id="starts">
               <description>Counts the number of starts sience first start of heating. </description>
                <telegram address="088A" type="ushort"/>
          </channel>
          <channel id="ontime">
               <description>On time of the burner sience first start of heating.  </description>
                <telegram address="08A7" type="uint" divider="3600"/>
          </channel>
          <channel id="consumedpellets">
               <description>Consumed Pellets since start of heating in t. </description>
                <telegram address="08B0" type="uint" divider="1000"/>
          </channel>
          <channel id="flowuprating">
               <description>return flow uprating</description>
               <telegram  address="250A" type="boolean" />
          </channel>
     </thing>
        <!--# Heizkreis 1 -->
     <thing type="circuit" id="circuit1">
          <description>Heading Circuit of the first Floor.</description>
          <channel id="flowtemperature" >
               <description>Flow temperature</description>
               <telegram address="2900" type="short" divider="10"/>
          </channel>
          <channel id="pump">
               <description></description>
               <telegram address="2906" type="boolean" />
          </channel>
          <channel id="operationmode" >
               <description>Party temperature.</description>
               <telegram address="2301" type="byte"/>
         </channel>
          <channel id="savemode">
               <description>The savemode.</description>
               <telegram  address="2302" type="boolean"/>
          </channel>
          <channel id="partymode" >
               <description>Partymode.</description>
               <telegram address="2303" type="boolean"/>
         </channel>
         <channel id="party_temp" >
               <description>Party temperature.</description>
               <telegram address="2308" type="byte"/>
         </channel>               
         <channel id="room_temp" >
               <description>Party temperature.</description>
               <telegram address="2306" type="byte"/>
         </channel>
         <channel id="save_temp" >
               <description>Save temperature.</description>
               <telegram address="2307" type="byte"/>
         </channel>
          <channel id="gradient">
               <description>The gradient relativ to outsite temperature.</description>
               <telegram  address="2305" type="byte" divider="10"/>
          </channel>
          <channel id="niveau" >
               <description>The niveau relativ to outsite temperature.</description>
               <telegram address="2304" type="byte"/>
         </channel>
     </thing>

        <!--# Heizkreis 2 -->
    <thing type="circuit" id="circuit2">
          <description>Heading Circuit of the first Floor.</description>
          <channel id="flowtemperature" >
               <description>Flow temperature</description>
               <telegram address="3900" type="short" divider="10"/>
          </channel>
          <channel id="pump">
               <description></description>
               <telegram address="3906" type="boolean" />
          </channel>
           <channel id="operationmode" >
               <description>Operation mode (0,1,2,3,4).</description>
               <telegram address="3301" type="byte"/>
         </channel>
          <channel id="savemode">
               <description>The savemode.</description>
               <telegram  address="3302" type="boolean"/>
          </channel>
          <channel id="partymode" >
               <description>Partymode.</description>
               <telegram address="3303" type="boolean"/>
         </channel>
         <channel id="party_temp" >
               <description>Party temperature.</description>
               <telegram address="3308" type="byte"/>
         </channel>               
         <channel id="room_temp" >
               <description>Room temperature.</description>
               <telegram address="3306" type="byte"/>
         </channel>
         <channel id="save_temp" >
               <description>Save temperature.</description>
               <telegram address="3307" type="byte"/>
         </channel>
          <channel id="gradient">
               <description>The gradient relativ to outsite temperature.</description>
               <telegram  address="3305" type="byte" divider="10"/>
          </channel>
          <channel id="niveau" >
               <description>The niveau relativ to outsite temperature.</description>
               <telegram address="3304" type="byte"/>
          </channel>
      </thing>

        <!--# Solaranlage  -->
     <thing type="solar" id="solar">
          <description>Thermo Solar System.</description>
          <channel id="collector_temp">
               <description>Collector temperature.</description>
               <telegram address="6564" length="2" type="short" divider="10"/>
          </channel>
          <channel  id="storagetank_temp">
               <description>Temperatur of storage tank (same storage tank bottom)</description>
               <telegram address="6566" length="2" type="short" divider="10"/>
          </channel>
          <channel id="bufferload">
               <description>Pump to load the storage tank from the solar panel.</description>
               <telegram address="6552" length="1" type="boolean" />
          </channel>
          <channel id="loadsuppression">
               <!-- maybe unclear -->
               <description>Load suppression</description>
               <telegram address="6551" type="boolean" />
          </channel>
          <channel id="ontime">
               <description>On time of the solar pump in hours.</description>
               <telegram address="6568" type="ushort"/>
          </channel>
          <channel id="producedheat" >
               <description>Consumed power from the sun in KW.  </description>
               <telegram address="6560" type="uint"/>
          </channel>
      </thing>
</optolink>